Actual,Predicted
5.0,4.999999999999999
1.0,0.9999999999999982
5.0,5.0
5.0,4.999999999999999
1.0,0.9999999999999947
5.0,4.999999999999999
5.0,4.999999999999999
5.0,4.999999999999999
5.0,4.999999999999999
